time,pos_1,pos_2,pos_3,pos_4,pos_5,pos_6,vel_1,vel_2,vel_3,vel_4,vel_5,vel_6
0.0, 1.57079633, -2.35619449, 0.0, -1.57079633, 0.0,  0.0,  0.0, 0.0, 0.0, 0.0, 0.0, 0.0
3.0, 0.0, -0.78539816, 0.78539816,  0.0,  0.78539816, 1.57079633,   0.0, 0.0, 0.0, 0.0, 0.0, 0.0
